<?xml version="1.0" encoding="UTF-8"?>
<beans xmlns="http://www.springframework.org/schema/beans"
	xmlns:xsi="http://www.w3.org/2001/XMLSchema-instance"
	xsi:schemaLocation="http://www.springframework.org/schema/beans https://www.springframework.org/schema/beans/spring-beans-4.3.xsd">
	<bean name="address" class="org.hcl.Address">
		<property name="line1" value="2/115 Anna Nagar "></property>
		<property name="line2" value="Kaveripattinam "></property>
		<property name="city" value="Krishnagiri"></property>
		<property name="pincode" value="635112"></property>
	</bean>
	<bean name="employee" class="org.hcl.Employee">
		<property name="employeeName" value="Sathish" />
		<property name="employeeMobileNumber">
			<list>
				<value>9566259957 </value>
				<value>9566259958 </value>
				<value>04566222615 </value>
			</list>
		</property>
		<property name="employeeSalary" value="45000" />
		<property name="employeeEmail" value="sathish@gmail.com" />
		<property name="address" ref="address">


		</property>
	</bean>
</beans>
